rank,mark,wind,competitor,dob,nationality,position,venue,date,result_score,discipline,type,sex,age_cat
1,6.05,,Armand DUPLANTIS,10 NOV 1999,SWE,1,"Olympiastadion, Berlin (GER)",12 AUG 2018,1281,pole-vault,jumps,male,u20
2,5.93,,Armand DUPLANTIS,10 NOV 1999,SWE,1,"Baton Rouge, LA (USA)",05 MAY 2018,1247,pole-vault,jumps,male,u20
3,5.92,,Armand DUPLANTIS,10 NOV 1999,SWE,3,"Austin, TX (USA)",31 MAR 2018,1245,pole-vault,jumps,male,u20
4,5.91,,Armand DUPLANTIS,10 NOV 1999,SWE,1,Montreuil (FRA),19 JUN 2018,1242,pole-vault,jumps,male,u20
5,5.90,,Armand DUPLANTIS,10 NOV 1999,SWE,1,"Austin, TX (USA)",01 APR 2017,1239,pole-vault,jumps,male,u20
5,5.90,,Armand DUPLANTIS,10 NOV 1999,SWE,2,"Stade Charléty, Paris (FRA)",30 JUN 2018,1239,pole-vault,jumps,male,u20
7,5.88,,Armand DUPLANTIS,10 NOV 1999,SWE,5,Clermont-Ferrand (FRA) (i),25 FEB 2018,1234,pole-vault,jumps,male,u20
8,5.86,,Armand DUPLANTIS,10 NOV 1999,SWE,1,"Olympiastadion, Stockholm (SWE)",10 JUN 2018,1228,pole-vault,jumps,male,u20
8,5.86,,Armand DUPLANTIS,10 NOV 1999,SWE,3,"Olympic Stadium, London (GBR)",21 JUL 2018,1228,pole-vault,jumps,male,u20
10,5.82,,Armand DUPLANTIS,10 NOV 1999,SWE,1,"New York, NY (USA) (i)",11 MAR 2017,1217,pole-vault,jumps,male,u20
10,5.82,,Armand DUPLANTIS,10 NOV 1999,SWE,1,"Hammond, LA (USA)",12 APR 2018,1217,pole-vault,jumps,male,u20
10,5.82,,Armand DUPLANTIS,10 NOV 1999,SWE,1,"Ratinan Stadion, Tampere (FIN)",14 JUL 2018,1217,pole-vault,jumps,male,u20
13,5.81,,Armand DUPLANTIS,10 NOV 1999,SWE,,Clermont-Ferrand (FRA) (i),25 FEB 2018,1214,pole-vault,jumps,male,u20
13,5.81,,Anthony AMMIRATI,16 JUL 2003,FRA,3,"Schloßplatz, St. Wendel (GER)",31 AUG 2022,1214,pole-vault,jumps,male,u20
15,5.80,,Maxim TARASOV,02 DEC 1970,URS,1,Bryansk (URS),14 JUL 1989,1212,pole-vault,jumps,male,u20
15,5.80,,Raphael HOLZDEPPE,28 SEP 1989,GER,2,Biberach (GER),28 JUN 2008,1212,pole-vault,jumps,male,u20
15,5.80,,Emmanouil KARALIS,20 OCT 1999,GRE,5,"Arena Birmingham, Birmingham (GBR) (i)",04 MAR 2018,1212,pole-vault,jumps,male,u20
15,5.80,,Armand DUPLANTIS,10 NOV 1999,SWE,1f1,Jockgrim (GER),17 JUL 2018,1212,pole-vault,jumps,male,u20
15,5.80,,Armand DUPLANTIS,10 NOV 1999,SWE,1,Karlstad (SWE),25 JUL 2018,1212,pole-vault,jumps,male,u20
20,5.78,,Emmanouil KARALIS,20 OCT 1999,GRE,1,Pireaus (GRE) (i),11 FEB 2018,1206,pole-vault,jumps,male,u20
21,5.75,,Maxim TARASOV,02 DEC 1970,URS,1,Donetsk (URS),08 JUL 1989,1198,pole-vault,jumps,male,u20
21,5.75,,Konstantinos FILIPPIDIS,26 NOV 1986,GRE,2,Izmir (TUR),18 AUG 2005,1198,pole-vault,jumps,male,u20
21,5.75,,Raphael HOLZDEPPE,28 SEP 1989,GER,3,Nürnberg (GER),05 JUL 2008,1198,pole-vault,jumps,male,u20
21,5.75,,Armand DUPLANTIS,10 NOV 1999,SWE,1,"New York, NY (USA) (i)",11 FEB 2017,1198,pole-vault,jumps,male,u20
21,5.75,,Christopher NILSEN,13 JAN 1998,USA,3,"Sacramento, CA (USA)",24 JUN 2017,1198,pole-vault,jumps,male,u20
21,5.75,,Sondre Mogens GUTTORMSEN,01 JUN 1999,NOR,6,"Olympiastadion, Berlin (GER)",12 AUG 2018,1198,pole-vault,jumps,male,u20
21,5.75,,Anthony AMMIRATI,16 JUL 2003,FRA,1,"Pascual Guerrero Stadium, Cali (COL)",04 AUG 2022,1198,pole-vault,jumps,male,u20
21,5.75,,Matvei VOLKOV,13 MAR 2004,BLR,1,"Olimpiyets Arena, Mogilyov (BLR) (i)",18 FEB 2023,1198,pole-vault,jumps,male,u20
29,5.73,,Christopher NILSEN,13 JAN 1998,USA,1,Sioux (USA),21 APR 2017,1192,pole-vault,jumps,male,u20
29,5.73,,Armand DUPLANTIS,10 NOV 1999,SWE,7,"Stade Olympique de la Pontaise, Lausanne (SUI)",06 JUL 2017,1192,pole-vault,jumps,male,u20
29,5.73,,Armand DUPLANTIS,10 NOV 1999,SWE,1,"Fayetteville, AR (USA) (i)",09 FEB 2018,1192,pole-vault,jumps,male,u20
32,5.72,,Konstantinos FILIPPIDIS,26 NOV 1986,GRE,3,"Olympic Stadium, Athina (GRE)",14 JUN 2005,1190,pole-vault,jumps,male,u20
32,5.72,,Andrew IRWIN,24 JAN 1993,USA,1,"Baton Rouge, LA (USA)",13 MAY 2012,1190,pole-vault,jumps,male,u20
32,5.72,,Armand DUPLANTIS,10 NOV 1999,SWE,1,"Baton Rouge, LA (USA) (i)",04 FEB 2017,1190,pole-vault,jumps,male,u20
32,5.72,,Anthony AMMIRATI,16 JUL 2003,FRA,1,"Chateau de l’Emperi, Salon-de-Provence (FRA)",06 JUN 2021,1190,pole-vault,jumps,male,u20
36,5.71,,Lawrence JOHNSON,07 MAY 1974,USA,1,"Knoxville, TN (USA)",12 JUN 1993,1187,pole-vault,jumps,male,u20
36,5.71,,Konstantinos FILIPPIDIS,26 NOV 1986,GRE,2,Chania (GRE),06 JUN 2005,1187,pole-vault,jumps,male,u20
36,5.71,,Germán CHIARAVIGLIO,16 APR 1987,ARG,1,"Chaoyang Sport Center, Beijing (CHN)",19 AUG 2006,1187,pole-vault,jumps,male,u20
36,5.71,,Shawnacy BARBER,27 MAY 1994,CAN,2f1,"Austin, TX (USA)",29 MAR 2013,1187,pole-vault,jumps,male,u20
36,5.71,,Armand DUPLANTIS,10 NOV 1999,SWE,4,"Hayward Field, Eugene, OR (USA)",27 MAY 2017,1187,pole-vault,jumps,male,u20
36,5.71,,Emmanouil KARALIS,20 OCT 1999,GRE,1f1,Praha (CZE) (i),13 FEB 2018,1187,pole-vault,jumps,male,u20
36,5.71,,Armand DUPLANTIS,10 NOV 1999,SWE,2,"Hayward Field, Eugene, OR (USA)",25 MAY 2018,1187,pole-vault,jumps,male,u20
36,5.71,,Anthony AMMIRATI,16 JUL 2003,FRA,5,"Olympiastadion, Berlin (GER)",04 SEP 2022,1187,pole-vault,jumps,male,u20
36,5.71,,Matvei VOLKOV,13 MAR 2004,BLR,1,"Slavy Square, Tver (RUS)",12 JUN 2023,1187,pole-vault,jumps,male,u20
45,5.70,,Maxim TARASOV,02 DEC 1970,URS,2,Volgograd (URS),11 JUN 1989,1184,pole-vault,jumps,male,u20
45,5.70,,Maxim TARASOV,02 DEC 1970,URS,3,Tokyo (JPN),16 SEP 1989,1184,pole-vault,jumps,male,u20
45,5.70,,Viktor CHISTYAKOV,09 FEB 1975,RUS,1,Leppävirta (FIN),07 JUN 1994,1184,pole-vault,jumps,male,u20
45,5.70,,Viktor CHISTYAKOV,09 FEB 1975,RUS,3,Rieti (ITA),28 AUG 1994,1184,pole-vault,jumps,male,u20
45,5.70,,Artem KUPTSOV,22 APR 1984,RUS,1,"Arsenal Stadium, Tula (RUS)",07 JUN 2003,1184,pole-vault,jumps,male,u20
45,5.70,,Konstantinos FILIPPIDIS,26 NOV 1986,GRE,2,"AC Gianni Brera, Milano (ITA)",01 JUN 2005,1184,pole-vault,jumps,male,u20
45,5.70,,Konstantinos FILIPPIDIS,26 NOV 1986,GRE,1,Barcelona (ESP),03 JUN 2005,1184,pole-vault,jumps,male,u20
45,5.70,,Germán CHIARAVIGLIO,16 APR 1987,ARG,1,Ponce (PUR),27 MAY 2006,1184,pole-vault,jumps,male,u20
45,5.70,,Germán CHIARAVIGLIO,16 APR 1987,ARG,3,"Olympic Stadium, Athina (GRE)",17 SEP 2006,1184,pole-vault,jumps,male,u20
45,5.70,,Raphael HOLZDEPPE,28 SEP 1989,GER,1,Mannheim (GER),21 JUN 2008,1184,pole-vault,jumps,male,u20
45,5.70,,Kurtis MARSCHALL,25 APR 1997,AUS,1,Mannheim (GER),26 JUN 2016,1184,pole-vault,jumps,male,u20
45,5.70,,Christopher NILSEN,13 JAN 1998,USA,1,"Fayetteville, AR (USA) (i)",10 FEB 2017,1184,pole-vault,jumps,male,u20
45,5.70,,Emmanouil KARALIS,20 OCT 1999,GRE,2,Athina (GRE) (i),19 FEB 2017,1184,pole-vault,jumps,male,u20
45,5.70,,Christopher NILSEN,13 JAN 1998,USA,1,"College Station, TX (USA) (i)",10 MAR 2017,1184,pole-vault,jumps,male,u20
45,5.70,,Christopher NILSEN,13 JAN 1998,USA,1f2,"Long Beach, CA (USA)",13 APR 2017,1184,pole-vault,jumps,male,u20
45,5.70,,Christopher NILSEN,13 JAN 1998,USA,1,"Long Beach, CA (USA)",15 APR 2017,1184,pole-vault,jumps,male,u20
45,5.70,,Vladislav MALYKHIN,15 JAN 1998,UKR,1,Zary (POL),27 MAY 2017,1184,pole-vault,jumps,male,u20
45,5.70,,Armand DUPLANTIS,10 NOV 1999,SWE,2,Jockgrim (GER),12 JUL 2017,1184,pole-vault,jumps,male,u20
45,5.70,,Armand DUPLANTIS,10 NOV 1999,SWE,5q1,"Olympic Stadium, London (GBR)",06 AUG 2017,1184,pole-vault,jumps,male,u20
45,5.70,,Armand DUPLANTIS,10 NOV 1999,SWE,7,"Arena Birmingham, Birmingham (GBR) (i)",04 MAR 2018,1184,pole-vault,jumps,male,u20
45,5.70,,Armand DUPLANTIS,10 NOV 1999,SWE,5,"Stade Olympique de la Pontaise, Lausanne (SUI)",04 JUL 2018,1184,pole-vault,jumps,male,u20
45,5.70,,Pål Haugen LILLEFOSSE,04 JUN 2001,NOR,2,"Ulsteinhallen, Ulsteinvik (NOR) (i)",28 FEB 2020,1184,pole-vault,jumps,male,u20
45,5.70,,Anthony AMMIRATI,16 JUL 2003,FRA,3,"Stade Helitas, Caen (FRA)",26 JUN 2022,1184,pole-vault,jumps,male,u20
45,5.70,,Matvei VOLKOV,13 MAR 2004,BLR,1,"Athletics Hall, Gomel (BLR) (i)",22 FEB 2023,1184,pole-vault,jumps,male,u20
45,5.70,,Matvei VOLKOV,13 MAR 2004,BLR,1,"Olympic Stadium, Cheboksary (RUS)",17 JUN 2023,1184,pole-vault,jumps,male,u20
45,5.70,,Matvei VOLKOV,13 MAR 2004,BLR,1,"Dinamo National Olympic Stadium, Minsk (BLR)",29 JUL 2023,1184,pole-vault,jumps,male,u20
71,5.69,,Armand DUPLANTIS,10 NOV 1999,SWE,1,"Baton Rouge, LA (USA) (i)",18 FEB 2017,1181,pole-vault,jumps,male,u20
72,5.68,,Raphael HOLZDEPPE,28 SEP 1989,GER,1,Halle (GER) (i),01 MAR 2008,1179,pole-vault,jumps,male,u20
72,5.68,,Armand DUPLANTIS,10 NOV 1999,SWE,7,"Boudewijnstadion, Bruxelles (BEL)",31 AUG 2018,1179,pole-vault,jumps,male,u20
74,5.67,,Leonid KIVALOV,01 APR 1988,RUS,1,Penza (RUS) (i),01 FEB 2007,1176,pole-vault,jumps,male,u20
75,5.66,,Artem KUPTSOV,22 APR 1984,RUS,4,Donetsk (UKR) (i),16 FEB 2003,1173,pole-vault,jumps,male,u20
75,5.66,,Konstantinos FILIPPIDIS,26 NOV 1986,GRE,6,Rieti (ITA),28 AUG 2005,1173,pole-vault,jumps,male,u20
77,5.65,,Rodion GATAULLIN,23 NOV 1965,URS,2,Donetsk (URS),08 SEP 1984,1171,pole-vault,jumps,male,u20
77,5.65,,István BAGYULA,02 JAN 1969,HUN,1,"Laurentian University Stadium, Sudbury (CAN)",28 JUL 1988,1171,pole-vault,jumps,male,u20
77,5.65,,Maxim TARASOV,02 DEC 1970,URS,1,Chelyabinsk (URS) (i),25 FEB 1989,1171,pole-vault,jumps,male,u20
77,5.65,,Maxim TARASOV,02 DEC 1970,URS,1,Donetsk (URS) (i),05 MAR 1989,1171,pole-vault,jumps,male,u20
77,5.65,,Maxim TARASOV,02 DEC 1970,URS,3,Bratislava (TCH),14 JUN 1989,1171,pole-vault,jumps,male,u20
77,5.65,,Maxim TARASOV,02 DEC 1970,URS,1,Bryansk (URS),10 SEP 1989,1171,pole-vault,jumps,male,u20
77,5.65,,Jacob DAVIS,29 APR 1978,USA,1,"Lincoln, NE (USA) (i)",22 FEB 1997,1171,pole-vault,jumps,male,u20
77,5.65,,Konstantinos FILIPPIDIS,26 NOV 1986,GRE,2,Leiria (POR),19 JUN 2005,1171,pole-vault,jumps,male,u20
77,5.65,,Germán CHIARAVIGLIO,16 APR 1987,ARG,1,Santa Fé (ARG),29 APR 2006,1171,pole-vault,jumps,male,u20
77,5.65,,Germán CHIARAVIGLIO,16 APR 1987,ARG,1,Buenos Aires (ARG),12 NOV 2006,1171,pole-vault,jumps,male,u20
77,5.65,,Raphael HOLZDEPPE,28 SEP 1989,GER,3,Cottbus (GER),11 JUN 2008,1171,pole-vault,jumps,male,u20
77,5.65,,Raphael HOLZDEPPE,28 SEP 1989,GER,2q1,"National Stadium, Beijing (CHN)",20 AUG 2008,1171,pole-vault,jumps,male,u20
77,5.65,,Deakin VOLZ,06 MAY 1997,USA,1,"Zdzisław Krzyszkowiak Stadium, Bydgoszcz (POL)",23 JUL 2016,1171,pole-vault,jumps,male,u20
77,5.65,,Christopher NILSEN,13 JAN 1998,USA,1,"Tempe, AZ (USA)",18 MAR 2017,1171,pole-vault,jumps,male,u20
77,5.65,,Masaki EJIMA,06 MAR 1999,JPN,2,Bhubaneshwar (IND),06 JUL 2017,1171,pole-vault,jumps,male,u20
77,5.65,,Armand DUPLANTIS,10 NOV 1999,SWE,1,"Stadio Zecchini, Grosseto (ITA)",23 JUL 2017,1171,pole-vault,jumps,male,u20
77,5.65,,Emmanouil KARALIS,20 OCT 1999,GRE,1,Jablonec nad Nisou (CZE) (i),20 JAN 2018,1171,pole-vault,jumps,male,u20
77,5.65,,Pål Haugen LILLEFOSSE,04 JUN 2001,NOR,1,"Bærum Idrettspark, Rud, Bærum (NOR) (i)",02 FEB 2020,1171,pole-vault,jumps,male,u20
77,5.65,,Anthony AMMIRATI,16 JUL 2003,FRA,4,"Stade Josette et Roger Mikulak, Angers (FRA)",27 JUN 2021,1171,pole-vault,jumps,male,u20
77,5.65,,Anthony AMMIRATI,16 JUL 2003,FRA,4,"Stade Charléty, Paris (FRA)",18 JUN 2022,1171,pole-vault,jumps,male,u20
77,5.65,,Anthony AMMIRATI,16 JUL 2003,FRA,2,"Stade Complexe Olympique, Oran (ALG)",02 JUL 2022,1171,pole-vault,jumps,male,u20
98,5.64,,Anthony AMMIRATI,16 JUL 2003,FRA,1,"Kadrioru staadion, Tallinn (EST)",18 JUL 2021,1168,pole-vault,jumps,male,u20
99,5.63,,Konstantinos FILIPPIDIS,26 NOV 1986,GRE,4,"Olympiastadion, Berlin (GER)",04 SEP 2005,1165,pole-vault,jumps,male,u20
99,5.63,,Emile DENECKER,28 MAR 1992,FRA,1,Dreux (FRA),17 JUL 2011,1165,pole-vault,jumps,male,u20
99,5.63,,Christopher NILSEN,13 JAN 1998,USA,1,"Brookings, SD (USA) (i)",24 FEB 2017,1165,pole-vault,jumps,male,u20
99,5.63,,Emmanouil KARALIS,20 OCT 1999,GRE,2,Athina (GRE),01 JUN 2017,1165,pole-vault,jumps,male,u20
103,5.62,,Gérald BAUDOUIN,15 NOV 1972,FRA,1,Dreux (FRA),07 JUL 1991,1162,pole-vault,jumps,male,u20
103,5.62,,Jacob DAVIS,29 APR 1978,USA,2,"Austin, TX (USA)",05 APR 1997,1162,pole-vault,jumps,male,u20
103,5.62,,Lars BÖRGELING,16 APR 1979,GER,1,Mannheim (GER),13 JUN 1998,1162,pole-vault,jumps,male,u20
103,5.62,,Wei ZHANG,22 MAR 1994,CHN,1,Lyon (FRA) (i),07 FEB 2013,1162,pole-vault,jumps,male,u20
103,5.62,,Robert RENNER,08 MAR 1994,SLO,4f1,Villeurbanne (FRA) (i),10 FEB 2013,1162,pole-vault,jumps,male,u20
103,5.62,,Emmanouil KARALIS,20 OCT 1999,GRE,1,"Atletická hala, Ostrava (CZE) (i)",25 JAN 2018,1162,pole-vault,jumps,male,u20
103,5.62,,Ethan CORMONT,29 SEP 2000,FRA,1,Clermont-Ferrand (FRA) (i),22 FEB 2019,1162,pole-vault,jumps,male,u20
110,5.61,,Thierry VIGNERON,09 MAR 1960,FRA,1,Longwy (FRA),30 SEP 1979,1160,pole-vault,jumps,male,u20
110,5.61,,Grigoriy YEGOROV,12 JAN 1967,URS,1,Moskva (URS) (i),15 FEB 1986,1160,pole-vault,jumps,male,u20
110,5.61,,Daniel ECKER,21 JUL 1977,GER,1,Ljubljana (SLO),28 SEP 1996,1160,pole-vault,jumps,male,u20
110,5.61,,Vasiliy PETROV,05 FEB 1983,RUS,1,Bebra (GER),08 SEP 2002,1160,pole-vault,jumps,male,u20
110,5.61,,Konstantinos FILIPPIDIS,26 NOV 1986,GRE,1,Peania (GRE) (i),29 JAN 2005,1160,pole-vault,jumps,male,u20
110,5.61,,Jan KUDLIČKA,29 APR 1988,CZE,1,Breclav (CZE),25 AUG 2007,1160,pole-vault,jumps,male,u20
110,5.61,,Jacob BLANKENSHIP,15 MAR 1994,USA,4f1,"Austin, TX (USA)",29 MAR 2013,1160,pole-vault,jumps,male,u20
110,5.61,,Armand DUPLANTIS,10 NOV 1999,SWE,1,"Baton Rouge, LA (USA) (i)",07 JAN 2017,1160,pole-vault,jumps,male,u20
110,5.61,,Christopher NILSEN,13 JAN 1998,USA,1,"Vermillion, SD (USA) (i)",04 FEB 2017,1160,pole-vault,jumps,male,u20
110,5.61,,Bo Kanda LITA BAEHRE,29 APR 1999,GER,6f1,Leverkusen (GER),27 JUL 2017,1160,pole-vault,jumps,male,u20
110,5.61,,Sondre Mogens GUTTORMSEN,01 JUN 1999,NOR,1q1,"Olympiastadion, Berlin (GER)",10 AUG 2018,1160,pole-vault,jumps,male,u20
110,5.61,,Armand DUPLANTIS,10 NOV 1999,SWE,3q1,"Olympiastadion, Berlin (GER)",10 AUG 2018,1160,pole-vault,jumps,male,u20
110,5.61,,Branson ELLIS,19 JUL 2000,USA,1,"College Station, TX (USA)",27 APR 2019,1160,pole-vault,jumps,male,u20
110,5.61,,Pål Haugen LILLEFOSSE,04 JUN 2001,NOR,3,"Mercedes-Benz Arena, Berlin (GER) (i)",14 FEB 2020,1160,pole-vault,jumps,male,u20
110,5.61,,Pål Haugen LILLEFOSSE,04 JUN 2001,NOR,2,"Bislett Stadion, Oslo (NOR)",11 JUN 2020,1160,pole-vault,jumps,male,u20
110,5.61,,Matvei VOLKOV,13 MAR 2004,BLR,4,"Atlas Arena, Łódź (POL) (i)",11 FEB 2022,1160,pole-vault,jumps,male,u20
110,5.61,,Valentin IMSAND,06 JAN 2005,SUI,1,"Stade de l'Ancien Stand, Sion (SUI)",27 MAY 2023,1160,pole-vault,jumps,male,u20
127,5.60,,Konstantin VOLKOV,28 FEB 1960,URS,1,Torino (ITA),05 AUG 1979,1157,pole-vault,jumps,male,u20
127,5.60,,Andrey GRUDININ,03 MAY 1969,URS,1,Simferopol (URS),29 MAY 1988,1157,pole-vault,jumps,male,u20
127,5.60,,Maxim TARASOV,02 DEC 1970,URS,2,"Laurentian University Stadium, Sudbury (CAN)",28 JUL 1988,1157,pole-vault,jumps,male,u20
127,5.60,,Maxim TARASOV,02 DEC 1970,URS,3,Odessa (URS),20 AUG 1988,1157,pole-vault,jumps,male,u20
127,5.60,,István BAGYULA,02 JAN 1969,HUN,7,"Olympic Stadium, Seoul (KOR)",28 SEP 1988,1157,pole-vault,jumps,male,u20
127,5.60,,Maxim TARASOV,02 DEC 1970,URS,4,Sochi (URS),28 MAY 1989,1157,pole-vault,jumps,male,u20
127,5.60,,Maxim TARASOV,02 DEC 1970,URS,1,"Stadion ŠC Sloboda, Varaždin (YUG)",26 AUG 1989,1157,pole-vault,jumps,male,u20
127,5.60,,Jean GALFIONE,09 JUN 1971,FRA,1,Miramas (FRA) (i),24 MAR 1990,1157,pole-vault,jumps,male,u20
127,5.60,,Yuriy YELISEYEV,27 MAY 1975,RUS,1,Malmö (SWE) (i),02 FEB 1994,1157,pole-vault,jumps,male,u20
127,5.60,,Viktor CHISTYAKOV,09 FEB 1975,RUS,6,Bratislava (SVK),01 JUN 1994,1157,pole-vault,jumps,male,u20
127,5.60,,Viktor CHISTYAKOV,09 FEB 1975,RUS,1,"Estadio Universitario, Lisboa (POR)",22 JUL 1994,1157,pole-vault,jumps,male,u20
127,5.60,,Russ BULLER,10 SEP 1978,USA,1,"Auburn, AL (USA)",18 MAY 1997,1157,pole-vault,jumps,male,u20
127,5.60,,Paul BURGESS,14 AUG 1979,AUS,1,Perth (AUS),07 FEB 1998,1157,pole-vault,jumps,male,u20
127,5.60,,Lars BÖRGELING,16 APR 1979,GER,1,Rhede (GER),19 JUL 1998,1157,pole-vault,jumps,male,u20
127,5.60,,Achim RAUBUCH,1979,GER,ce,Homburg (GER),05 SEP 1998,1157,pole-vault,jumps,male,u20
127,5.60,,Adam PTÁČEK,08 OCT 1980,CZE,1,Athina (GRE),30 MAY 1999,1157,pole-vault,jumps,male,u20
127,5.60,,Kevin RANS,19 AUG 1982,BEL,10,Bruxelles (BEL),24 AUG 2001,1157,pole-vault,jumps,male,u20
127,5.60,,Matti MONONEN,25 NOV 1983,FIN,1,Kuortane (FIN),28 JUL 2002,1157,pole-vault,jumps,male,u20
127,5.60,,Vladyslav REVENKO,15 NOV 1984,UKR,1,Donetsk (UKR) (i),15 FEB 2003,1157,pole-vault,jumps,male,u20
127,5.60,,Vladyslav REVENKO,15 NOV 1984,UKR,1,Sumy (UKR) (i),18 FEB 2003,1157,pole-vault,jumps,male,u20
127,5.60,,Artem KUPTSOV,22 APR 1984,RUS,1,Krasnodar (RUS),27 MAY 2003,1157,pole-vault,jumps,male,u20
127,5.60,,Artem KUPTSOV,22 APR 1984,RUS,4,Chania (GRE),09 JUN 2003,1157,pole-vault,jumps,male,u20
127,5.60,,Konstantinos FILIPPIDIS,26 NOV 1986,GRE,4q1,"Palacio de Deportes, Madrid (ESP) (i)",04 MAR 2005,1157,pole-vault,jumps,male,u20
127,5.60,,Konstantinos FILIPPIDIS,26 NOV 1986,GRE,1,Almería (ESP),01 JUL 2005,1157,pole-vault,jumps,male,u20
127,5.60,,Leonid KIVALOV,01 APR 1988,RUS,4,Sochi (RUS),26 MAY 2007,1157,pole-vault,jumps,male,u20
127,5.60,,Leonid KIVALOV,01 APR 1988,RUS,1,"FBK Stadium, Hengelo (NED)",22 JUL 2007,1157,pole-vault,jumps,male,u20
127,5.60,,Yansheng YANG,05 JAN 1988,CHN,1,Shijiazhuang (CHN),03 AUG 2007,1157,pole-vault,jumps,male,u20
127,5.60,,Leonid KIVALOV,01 APR 1988,RUS,2,Bangkok (THA),12 AUG 2007,1157,pole-vault,jumps,male,u20
127,5.60,,Raphael HOLZDEPPE,28 SEP 1989,GER,1,Ludwigshafen (GER) (i),19 JAN 2008,1157,pole-vault,jumps,male,u20
127,5.60,,Raphael HOLZDEPPE,28 SEP 1989,GER,5,Sindelfingen (GER) (i),23 FEB 2008,1157,pole-vault,jumps,male,u20
127,5.60,,Raphael HOLZDEPPE,28 SEP 1989,GER,1,Forbach (FRA),25 MAY 2008,1157,pole-vault,jumps,male,u20
127,5.60,,Raphael HOLZDEPPE,28 SEP 1989,GER,7,"National Stadium, Beijing (CHN)",22 AUG 2008,1157,pole-vault,jumps,male,u20
127,5.60,,Andrew IRWIN,24 JAN 1993,USA,1,"Fayetteville, AR (USA)",31 MAR 2012,1157,pole-vault,jumps,male,u20
127,5.60,,Ivan HORVAT,17 AUG 1993,CRO,1,Varaždin (CRO),17 JUN 2012,1157,pole-vault,jumps,male,u20
127,5.60,,Shawnacy BARBER,27 MAY 1994,CAN,1,"Ypsilanti, MI (USA) (i)",11 JAN 2013,1157,pole-vault,jumps,male,u20
127,5.60,,Jacob BLANKENSHIP,15 MAR 1994,USA,4,"Fayetteville, AR (USA) (i)",08 MAR 2013,1157,pole-vault,jumps,male,u20
127,5.60,,Shawnacy BARBER,27 MAY 1994,CAN,3,"Eugene, OR (USA)",05 JUN 2013,1157,pole-vault,jumps,male,u20
127,5.60,,Adam HAGUE,29 AUG 1997,GBR,6,"Austin, TX (USA)",28 MAR 2015,1157,pole-vault,jumps,male,u20
127,5.60,,Christopher NILSEN,13 JAN 1998,USA,1,"Kansas City, MO (USA)",22 MAY 2016,1157,pole-vault,jumps,male,u20
127,5.60,,Kurtis MARSCHALL,25 APR 1997,AUS,10q1,"Estádio Olímpico, Rio de Janeiro (BRA)",13 AUG 2016,1157,pole-vault,jumps,male,u20
127,5.60,,Emmanouil KARALIS,20 OCT 1999,GRE,1,"Atletická hala, Ostrava (CZE) (i)",14 FEB 2017,1157,pole-vault,jumps,male,u20
127,5.60,,Christopher NILSEN,13 JAN 1998,USA,4,"Austin, TX (USA)",01 APR 2017,1157,pole-vault,jumps,male,u20
127,5.60,,Hussain Asim AL HIZAM,04 JAN 1998,KSA,2,"Tempe, AZ (USA)",08 APR 2017,1157,pole-vault,jumps,male,u20
127,5.60,,Christopher NILSEN,13 JAN 1998,USA,2,"Des Moines, IA (USA) (i)",29 APR 2017,1157,pole-vault,jumps,male,u20
127,5.60,,Emmanouil KARALIS,20 OCT 1999,GRE,2,Zary (POL),27 MAY 2017,1157,pole-vault,jumps,male,u20
127,5.60,,Emmanouil KARALIS,20 OCT 1999,GRE,3,Patra (GRE),17 JUN 2017,1157,pole-vault,jumps,male,u20
127,5.60,,Bo Kanda LITA BAEHRE,29 APR 1999,GER,1,Leverkusen (GER),18 JUN 2017,1157,pole-vault,jumps,male,u20
127,5.60,,Bo Kanda LITA BAEHRE,29 APR 1999,GER,1,Erfurt (GER),09 JUL 2017,1157,pole-vault,jumps,male,u20
127,5.60,,Vladislav MALYKHIN,15 JAN 1998,UKR,9q1,"Olympic Stadium, London (GBR)",06 AUG 2017,1157,pole-vault,jumps,male,u20
127,5.60,,Christopher NILSEN,13 JAN 1998,USA,7q2,"Olympic Stadium, London (GBR)",06 AUG 2017,1157,pole-vault,jumps,male,u20
127,5.60,,Bo Kanda LITA BAEHRE,29 APR 1999,GER,1,Leverkusen (GER) (i),20 JAN 2018,1157,pole-vault,jumps,male,u20
127,5.60,,Armand DUPLANTIS,10 NOV 1999,SWE,1,"Baton Rouge, LA (USA) (i)",20 JAN 2018,1157,pole-vault,jumps,male,u20
127,5.60,,Bo Kanda LITA BAEHRE,29 APR 1999,GER,9,"Leichtathletikhalle im Arena-Sportpark, Düsseldorf (GER) (i)",06 FEB 2018,1157,pole-vault,jumps,male,u20
127,5.60,,Emmanouil KARALIS,20 OCT 1999,GRE,11,"Leichtathletikhalle im Arena-Sportpark, Düsseldorf (GER) (i)",06 FEB 2018,1157,pole-vault,jumps,male,u20
127,5.60,,Emmanouil KARALIS,20 OCT 1999,GRE,5,"Arena, Toruń (POL) (i)",15 FEB 2018,1157,pole-vault,jumps,male,u20
127,5.60,,Bo Kanda LITA BAEHRE,29 APR 1999,GER,1,Soest (GER),10 JUN 2018,1157,pole-vault,jumps,male,u20
127,5.60,,Bo Kanda LITA BAEHRE,29 APR 1999,GER,4f1,Leverkusen (GER),16 JUN 2018,1157,pole-vault,jumps,male,u20
127,5.60,,Sondre Mogens GUTTORMSEN,01 JUN 1999,NOR,3,Karlstad (SWE),25 JUL 2018,1157,pole-vault,jumps,male,u20
127,5.60,,Sondre Mogens GUTTORMSEN,01 JUN 1999,NOR,3,Linz (AUT),12 SEP 2018,1157,pole-vault,jumps,male,u20
127,5.60,,Pål Haugen LILLEFOSSE,04 JUN 2001,NOR,1,"Sätrahallen, Stockholm (SWE) (i)",25 JAN 2020,1157,pole-vault,jumps,male,u20
127,5.60,,Pål Haugen LILLEFOSSE,04 JUN 2001,NOR,1,"AIT International Arena, Athlone (IRL) (i)",12 FEB 2020,1157,pole-vault,jumps,male,u20
127,5.60,,Pål Haugen LILLEFOSSE,04 JUN 2001,NOR,2f1,"Ullevi Stadium, Göteborg (SWE)",04 JUL 2020,1157,pole-vault,jumps,male,u20
127,5.60,,Matvei VOLKOV,13 MAR 2004,BLR,6,"Atlas Arena, Łódź (POL) (i)",12 FEB 2021,1157,pole-vault,jumps,male,u20
127,5.60,,Anthony AMMIRATI,16 JUL 2003,FRA,1,Salon-de-Provence (FRA),12 JUN 2022,1157,pole-vault,jumps,male,u20
127,5.60,,Juho ALASAARI,29 SEP 2003,FIN,2,"Pascual Guerrero Stadium, Cali (COL)",04 AUG 2022,1157,pole-vault,jumps,male,u20
127,5.60,,Anthony AMMIRATI,16 JUL 2003,FRA,7,"Stade Olympique de la Pontaise, Lausanne (SUI)",25 AUG 2022,1157,pole-vault,jumps,male,u20
127,5.60,,Matvei VOLKOV,13 MAR 2004,BLR,1,"Athletics Hall, Gomel (BLR) (i)",21 JAN 2023,1157,pole-vault,jumps,male,u20
127,5.60,,Matvei VOLKOV,13 MAR 2004,BLR,2,"Meteor, Zhukovskiy (RUS)",15 JUL 2023,1157,pole-vault,jumps,male,u20
127,5.60,,Ricardo David MONTES,22 SEP 2006,VEN,2,"Rector Fieldhouse, Blacksburg, VA (USA) (i)",07 FEB 2025,1157,pole-vault,jumps,male,u20
196,5.58,,Shawnacy BARBER,27 MAY 1994,CAN,1,"Akron, OH (USA) (i)",02 FEB 2013,1151,pole-vault,jumps,male,u20
196,5.58,,KC LIGHTFOOT,11 NOV 1999,USA,1,"Albuquerque, NM (USA)",02 JUN 2018,1151,pole-vault,jumps,male,u20
196,5.58,,Branson ELLIS,19 JUL 2000,USA,9,"Birmingham, AL (USA) (i)",08 MAR 2019,1151,pole-vault,jumps,male,u20
199,5.57,,Thierry VIGNERON,09 MAR 1960,FRA,1,Paris (FRA) (i),30 NOV 1979,1149,pole-vault,jumps,male,u20
199,5.57,,Dave VOLZ,02 MAY 1962,USA,1,"Bloomington, IN (USA)",18 APR 1981,1149,pole-vault,jumps,male,u20
199,5.57,,Shawnacy BARBER,27 MAY 1994,CAN,1,"Humble, TX (USA)",04 AUG 2012,1149,pole-vault,jumps,male,u20
199,5.57,,Pål Haugen LILLEFOSSE,04 JUN 2001,NOR,1,Bergen (NOR) (i),16 FEB 2019,1149,pole-vault,jumps,male,u20
199,5.57,,Matthias ORBAN,21 JAN 2000,FRA,1,Angers (FRA),23 JUN 2019,1149,pole-vault,jumps,male,u20
199,5.57,,Ricardo David MONTES,22 SEP 2006,VEN,1,"Rector Fieldhouse, Blacksburg, VA (USA) (i)",18 JAN 2025,1149,pole-vault,jumps,male,u20
205,5.56,,István BAGYULA,02 JAN 1969,HUN,1,Leipzig (GDR),06 JUL 1988,1146,pole-vault,jumps,male,u20
205,5.56,,Aleksey KHANAFIN,12 APR 1981,RUS,1,Moskva (RUS) (i),26 DEC 2000,1146,pole-vault,jumps,male,u20
205,5.56,,Kevin RANS,19 AUG 1982,BEL,1,Oordegem (BEL),02 AUG 2001,1146,pole-vault,jumps,male,u20
205,5.56,,Tommy SKIPPER,14 SEP 1984,USA,1,"Sacramento, CA (USA)",15 JUN 2003,1146,pole-vault,jumps,male,u20
205,5.56,,Shawnacy BARBER,27 MAY 1994,CAN,1,"Akron, OH (USA) (i)",18 JAN 2013,1146,pole-vault,jumps,male,u20
205,5.56,,Christopher NILSEN,13 JAN 1998,USA,1,"Albuquerque, NM (USA)",04 JUN 2016,1146,pole-vault,jumps,male,u20
205,5.56,,Armand DUPLANTIS,10 NOV 1999,SWE,1,"Torrance, CA (USA)",15 APR 2017,1146,pole-vault,jumps,male,u20
205,5.56,,Hussain Asim AL HIZAM,04 JAN 1998,KSA,1,"Lawrence, KS (USA)",14 MAY 2017,1146,pole-vault,jumps,male,u20
205,5.56,,Branson ELLIS,19 JUL 2000,USA,1,"Austin, TX (USA)",12 MAY 2018,1146,pole-vault,jumps,male,u20
205,5.56,,Sondre Mogens GUTTORMSEN,01 JUN 1999,NOR,2,"Sports Park Mladost, Zagreb (CRO)",04 SEP 2018,1146,pole-vault,jumps,male,u20
205,5.56,,Pål Haugen LILLEFOSSE,04 JUN 2001,NOR,2,"Rud, Bærum (NOR) (i)",10 FEB 2019,1146,pole-vault,jumps,male,u20
205,5.56,,Sasha ZHOYA,25 JUN 2002,AUS,1,Sydney (AUS),01 APR 2019,1146,pole-vault,jumps,male,u20
205,5.56,,Dyson WICKER,26 MAY 2006,USA,5,"Randal Tyson Indoor Center, Fayetteville, AR (USA) (i)",14 FEB 2025,1146,pole-vault,jumps,male,u20
218,5.55,,Konstantin VOLKOV,28 FEB 1960,URS,1,Moskva (URS),27 JUL 1979,1143,pole-vault,jumps,male,u20
218,5.55,,Dave VOLZ,02 MAY 1962,USA,1,Newhouse (USA),27 JUL 1981,1143,pole-vault,jumps,male,u20
218,5.55,,Sergey BUBKA,04 DEC 1963,URS,1,Kharkov (URS),04 SEP 1982,1143,pole-vault,jumps,male,u20
218,5.55,,Sergey BUBKA,04 DEC 1963,URS,2,Tashkent (UZB),17 SEP 1982,1143,pole-vault,jumps,male,u20
218,5.55,,Rodion GATAULLIN,23 NOV 1965,URS,1,"Rudolf Tonn Stadion, Schwechat (AUT)",28 AUG 1983,1143,pole-vault,jumps,male,u20
218,5.55,,Grigoriy YEGOROV,12 JAN 1967,URS,1,Minsk (BLR),22 JUN 1985,1143,pole-vault,jumps,male,u20
218,5.55,,Delko LESEV,06 JAN 1967,BUL,2,Sofia (BUL),31 MAY 1986,1143,pole-vault,jumps,male,u20
218,5.55,,Roman BARABASHOV,13 SEP 1968,URS,1,Almaty (KAZ),13 SEP 1987,1143,pole-vault,jumps,male,u20
218,5.55,,Daniel MARTÍ,23 APR 1973,ESP,2,Valencia (ESP),26 JUN 1992,1143,pole-vault,jumps,male,u20
218,5.55,,James MILLER,04 JUN 1974,AUS,1,Perth (AUS),07 FEB 1993,1143,pole-vault,jumps,male,u20
218,5.55,,Yuriy YELISEYEV,27 MAY 1975,RUS,1,Naimette-Xhovémont (BEL),19 SEP 1993,1143,pole-vault,jumps,male,u20
218,5.55,,Yevgeniy SMIRYAGIN,17 MAY 1976,RUS,1,St. Petersburg (RUS),27 JUN 1994,1143,pole-vault,jumps,male,u20
218,5.55,,Jacob DAVIS,29 APR 1978,USA,3,"Indianapolis, IN (USA) (i)",08 MAR 1997,1143,pole-vault,jumps,male,u20
218,5.55,,Pavel GERASIMOV,29 MAY 1979,RUS,1,"Parc des Sports, Annecy (FRA)",02 AUG 1998,1143,pole-vault,jumps,male,u20
218,5.55,,Eric ESHBACH,04 FEB 1981,USA,1,"Columbia, MO (USA)",21 MAY 2000,1143,pole-vault,jumps,male,u20
218,5.55,,Dmitriy KUPTSOV,09 NOV 1982,RUS,1,"Stadio Zecchini, Grosseto (ITA)",22 JUL 2001,1143,pole-vault,jumps,male,u20
218,5.55,,Oleksandr KORCHMID,22 JAN 1982,UKR,ce,Brovary (UKR) (i),19 DEC 2001,1143,pole-vault,jumps,male,u20
218,5.55,,Maksym MAZURYK,02 APR 1983,UKR,1,"National Stadium, Kingston (JAM)",21 JUL 2002,1143,pole-vault,jumps,male,u20
218,5.55,,Vladyslav REVENKO,15 NOV 1984,UKR,2,"National Stadium, Kingston (JAM)",21 JUL 2002,1143,pole-vault,jumps,male,u20
218,5.55,,Artem KUPTSOV,22 APR 1984,RUS,1,Moskva (RUS) (i),10 FEB 2003,1143,pole-vault,jumps,male,u20
218,5.55,,Artem KUPTSOV,22 APR 1984,RUS,4,Moskva (RUS),14 JUL 2003,1143,pole-vault,jumps,male,u20
218,5.55,,Feiliang LIU,27 MAR 1985,CHN,1,Nanjing (CHN),02 MAY 2004,1143,pole-vault,jumps,male,u20
218,5.55,,Konstantinos FILIPPIDIS,26 NOV 1986,GRE,1,Peania (GRE) (i),13 FEB 2005,1143,pole-vault,jumps,male,u20
218,5.55,,Germán CHIARAVIGLIO,16 APR 1987,ARG,1,Santa Fé (ARG),04 SEP 2005,1143,pole-vault,jumps,male,u20
218,5.55,,Jordan SCOTT,22 FEB 1988,USA,1,"Lincoln, NE (USA)",13 MAY 2007,1143,pole-vault,jumps,male,u20
218,5.55,,Raphael HOLZDEPPE,28 SEP 1989,GER,1,Düsseldorf (GER) (i),17 FEB 2008,1143,pole-vault,jumps,male,u20
218,5.55,,Blake LUCAS,12 MAY 1990,AUS,1,Melbourne (AUS),28 MAR 2009,1143,pole-vault,jumps,male,u20
218,5.55,,Andrew IRWIN,24 JAN 1993,USA,1,"Nampa, ID (USA) (i)",09 MAR 2012,1143,pole-vault,jumps,male,u20
218,5.55,,Didac SALAS,19 MAY 1993,ESP,1,Barcelona (ESP),16 JUN 2012,1143,pole-vault,jumps,male,u20
218,5.55,,Thiago BRAZ,16 DEC 1993,BRA,1,"Estadio Olímpico, Barcelona (ESP)",12 JUL 2012,1143,pole-vault,jumps,male,u20
218,5.55,,Ivan HORVAT,17 AUG 1993,CRO,2,"Estadio Olímpico, Barcelona (ESP)",12 JUL 2012,1143,pole-vault,jumps,male,u20
218,5.55,,Shawnacy BARBER,27 MAY 1994,CAN,3,"Estadio Olímpico, Barcelona (ESP)",12 JUL 2012,1143,pole-vault,jumps,male,u20
218,5.55,,Jacob BLANKENSHIP,15 MAR 1994,USA,2,"Fayetteville, AR (USA) (i)",24 FEB 2013,1143,pole-vault,jumps,male,u20
218,5.55,,Axel CHAPELLE,24 APR 1995,FRA,1,"Hayward Field, Eugene, OR (USA)",26 JUL 2014,1143,pole-vault,jumps,male,u20
218,5.55,,Adam HAGUE,29 AUG 1997,GBR,1,Wien (AUT) (i),31 JAN 2015,1143,pole-vault,jumps,male,u20
218,5.55,,Kurtis MARSCHALL,25 APR 1997,AUS,1,"SOPAC, Sydney (AUS)",03 APR 2016,1143,pole-vault,jumps,male,u20
218,5.55,,Emmanouil KARALIS,20 OCT 1999,GRE,7,"Mestský Stadion, Ostrava (CZE)",20 MAY 2016,1143,pole-vault,jumps,male,u20
218,5.55,,Vladislav MALYKHIN,15 JAN 1998,UKR,1,Kirovograd (UKR),02 JUL 2016,1143,pole-vault,jumps,male,u20
218,5.55,,Kurtis MARSCHALL,25 APR 1997,AUS,2,"Zdzisław Krzyszkowiak Stadium, Bydgoszcz (POL)",23 JUL 2016,1143,pole-vault,jumps,male,u20
218,5.55,,Christopher NILSEN,13 JAN 1998,USA,1,"Minneapolis, MN (USA) (i)",28 JAN 2017,1143,pole-vault,jumps,male,u20
218,5.55,,Hussain Asim AL HIZAM,04 JAN 1998,KSA,1,Baku (AZE),16 MAY 2017,1143,pole-vault,jumps,male,u20
218,5.55,,Sondre Mogens GUTTORMSEN,01 JUN 1999,NOR,1,"Arcadia, CA (USA)",07 APR 2018,1143,pole-vault,jumps,male,u20
218,5.55,,Zachery BRADFORD,29 NOV 1999,USA,1,"Bloomington, IN (USA)",15 JUN 2018,1143,pole-vault,jumps,male,u20
218,5.55,,Sondre Mogens GUTTORMSEN,01 JUN 1999,NOR,1,Mannheim (GER),24 JUN 2018,1143,pole-vault,jumps,male,u20
218,5.55,,Bo Kanda LITA BAEHRE,29 APR 1999,GER,1,Heilbronn (GER),01 JUL 2018,1143,pole-vault,jumps,male,u20
218,5.55,,Zachery BRADFORD,29 NOV 1999,USA,2,"Ratinan Stadion, Tampere (FIN)",14 JUL 2018,1143,pole-vault,jumps,male,u20
218,5.55,,Masaki EJIMA,06 MAR 1999,JPN,3,"Ratinan Stadion, Tampere (FIN)",14 JUL 2018,1143,pole-vault,jumps,male,u20
218,5.55,,Sondre Mogens GUTTORMSEN,01 JUN 1999,NOR,1,Mölndal (SWE),27 JUL 2018,1143,pole-vault,jumps,male,u20
218,5.55,,Kyle RADEMEYER,29 JAN 2002,RSA,1,"Dal Josaphat Athletics Stadium, Paarl (RSA)",21 NOV 2020,1143,pole-vault,jumps,male,u20
218,5.55,,Tao ZHONG,12 AUG 2002,CHN,7,Xi'an (CHN),21 SEP 2021,1143,pole-vault,jumps,male,u20
218,5.55,,Haoyang SONG,17 JUN 2002,CHN,8,Xi'an (CHN),21 SEP 2021,1143,pole-vault,jumps,male,u20
218,5.55,,Matvei VOLKOV,13 MAR 2004,BLR,1,"Olimpiyets Arena, Mogilyov (BLR) (i)",18 JAN 2023,1143,pole-vault,jumps,male,u20
218,5.55,,Matvei VOLKOV,13 MAR 2004,BLR,1,"Olimpiyets Arena, Mogilyov (BLR) (i)",03 MAR 2023,1143,pole-vault,jumps,male,u20
218,5.55,,Matvei VOLKOV,13 MAR 2004,BLR,4,"Kalininets Stadium, Yekaterinburg (RUS)",17 AUG 2023,1143,pole-vault,jumps,male,u20
218,5.55,,Seifeldin ABDELSALAM,28 MAR 2005,QAT,4,"Aftab Enghelab Sport Complex, Tehran (IRI) (i)",18 FEB 2024,1143,pole-vault,jumps,male,u20
218,5.55,,Hendrik MÜLLER,02 MAR 2005,GER,1,"Helmut-Körnig-Halle, Dortmund (GER) (i)",24 FEB 2024,1143,pole-vault,jumps,male,u20
218,5.55,,Maddox HAMM,21 MAY 2005,USA,1,"Mike A. Myers Stadium, Austin, TX (USA)",28 MAR 2024,1143,pole-vault,jumps,male,u20
218,5.55,,Dyson WICKER,26 MAY 2006,USA,1,"Bob Devaney Sports Center, Lincoln, NE (USA) (i)",07 FEB 2025,1143,pole-vault,jumps,male,u20
218,5.55,,Dyson WICKER,26 MAY 2006,USA,3,"Univ. of Arizona Roy P. Drachman Stadium, Tucson, AZ (USA)",03 MAY 2025,1143,pole-vault,jumps,male,u20
277,5.54,,Dave VOLZ,02 MAY 1962,USA,1,"Bloomington, IN (USA) (i)",13 FEB 1981,1140,pole-vault,jumps,male,u20
277,5.54,,Brandon RICHARDS,06 FEB 1967,USA,1,"Eugene, OR (USA)",11 JUL 1985,1140,pole-vault,jumps,male,u20
277,5.54,,Jacob DAVIS,29 APR 1978,USA,1,"Houston, TX (USA) (i)",01 FEB 1997,1140,pole-vault,jumps,male,u20
277,5.54,,Eric ESHBACH,04 FEB 1981,USA,1,"Austin, TX (USA)",15 MAY 1999,1140,pole-vault,jumps,male,u20
277,5.54,,Yansheng YANG,05 JAN 1988,CHN,2,"Chaoyang Sport Center, Beijing (CHN)",19 AUG 2006,1140,pole-vault,jumps,male,u20
277,5.54,,Nikita KIRILLOV,05 JUN 1993,USA,1,"Bloomington, IN (USA)",15 JUN 2012,1140,pole-vault,jumps,male,u20
277,5.54,,Wei ZHANG,22 MAR 1994,CHN,6f1,Villeurbanne (FRA) (i),10 FEB 2013,1140,pole-vault,jumps,male,u20
277,5.54,,Emmanouil KARALIS,20 OCT 1999,GRE,5,Jablonec nad Nisou (CZE) (i),05 MAR 2016,1140,pole-vault,jumps,male,u20
277,5.54,,Armand DUPLANTIS,10 NOV 1999,SWE,1,"Baton Rouge, LA (USA) (i)",21 JAN 2017,1140,pole-vault,jumps,male,u20
277,5.54,,Armand DUPLANTIS,10 NOV 1999,SWE,1,"Baton Rouge, LA (USA)",06 MAY 2017,1140,pole-vault,jumps,male,u20
277,5.54,,Pål Haugen LILLEFOSSE,04 JUN 2001,NOR,1,"Leikvang Friidrettshall, Bergen (NOR) (i)",04 JUN 2020,1140,pole-vault,jumps,male,u20
277,5.54,,Kyle RADEMEYER,29 JAN 2002,RSA,1,"Dal Josaphat Athletics Stadium, Paarl (RSA)",14 NOV 2020,1140,pole-vault,jumps,male,u20
289,5.53,,Gennadiy SUKHAREV,03 FEB 1965,URS,2,Leningrad (URS) (i),11 FEB 1984,1138,pole-vault,jumps,male,u20
289,5.53,,István BAGYULA,02 JAN 1969,HUN,1,Essen (GER),02 SEP 1988,1138,pole-vault,jumps,male,u20
289,5.53,,Konstantinos FILIPPIDIS,26 NOV 1986,GRE,1,Limassol (CYP),15 MAY 2005,1138,pole-vault,jumps,male,u20
289,5.53,,Scott ROTH,25 JUN 1988,USA,1,"Seattle, WA (USA) (i)",03 MAR 2007,1138,pole-vault,jumps,male,u20
289,5.53,,Andrew IRWIN,24 JAN 1993,USA,1,"Lexington, KY (USA) (i)",26 FEB 2012,1138,pole-vault,jumps,male,u20
289,5.53,,Adam HAGUE,29 AUG 1997,GBR,2,Cardiff (GBR) (i),07 FEB 2016,1138,pole-vault,jumps,male,u20
289,5.53,,Emmanouil KARALIS,20 OCT 1999,GRE,3,Pireaus (GRE) (i),13 FEB 2016,1138,pole-vault,jumps,male,u20
289,5.53,,Pål Haugen LILLEFOSSE,04 JUN 2001,NOR,4,"Olympiastadion, Stockholm (SWE)",23 AUG 2020,1138,pole-vault,jumps,male,u20
289,5.53,,Kyle RADEMEYER,29 JAN 2002,RSA,1,"CrossPlex Athletic Facility, Birmingham, AL (USA) (i)",07 FEB 2021,1138,pole-vault,jumps,male,u20
289,5.53,,Juho ALASAARI,29 SEP 2003,FIN,1f2,"Someron urheilukenttä, Somero (FIN)",03 JUL 2022,1138,pole-vault,jumps,male,u20
289,5.53,,Dyson WICKER,26 MAY 2006,USA,1,"Bob Devaney Sports Center, Lincoln, NE (USA) (i)",25 JAN 2025,1138,pole-vault,jumps,male,u20
300,5.52,,Thierry VIGNERON,09 MAR 1960,FRA,1,La Pommeraye (FRA),21 JUL 1979,1135,pole-vault,jumps,male,u20
300,5.52,,Joe DIAL,26 OCT 1962,USA,1,"Stillwater, MN (USA)",25 APR 1981,1135,pole-vault,jumps,male,u20
300,5.52,,Daniel ECKER,21 JUL 1977,GER,1,Rhede (GER),03 AUG 1996,1135,pole-vault,jumps,male,u20
300,5.52,,Xu GANG,04 FEB 1979,CHN,1,Yokohama (JPN) (i),28 FEB 1998,1135,pole-vault,jumps,male,u20
300,5.52,,Germán CHIARAVIGLIO,16 APR 1987,ARG,8,"Stadio Olimpico, Roma (ITA)",14 JUL 2006,1135,pole-vault,jumps,male,u20
300,5.52,,Germán CHIARAVIGLIO,16 APR 1987,ARG,1,Santa Fé (ARG),25 OCT 2006,1135,pole-vault,jumps,male,u20
300,5.52,,Jordan SCOTT,22 FEB 1988,USA,1,"Indianapolis, IN (USA)",21 JUN 2007,1135,pole-vault,jumps,male,u20
300,5.52,,Ivan HORVAT,17 AUG 1993,CRO,1,Split (CRO),20 MAY 2012,1135,pole-vault,jumps,male,u20
300,5.52,,Axel CHAPELLE,24 APR 1995,FRA,1,Tergnier (FRA),29 MAY 2014,1135,pole-vault,jumps,male,u20
300,5.52,,Sondre Mogens GUTTORMSEN,01 JUN 1999,NOR,1,Oslo (NOR),29 AUG 2018,1135,pole-vault,jumps,male,u20
300,5.52,,Pål Haugen LILLEFOSSE,04 JUN 2001,NOR,4,Huizingen (BEL),24 AUG 2019,1135,pole-vault,jumps,male,u20
300,5.52,,Pål Haugen LILLEFOSSE,04 JUN 2001,NOR,4,"Tingvalla IP, Karlstad (SWE)",08 JUL 2020,1135,pole-vault,jumps,male,u20
300,5.52,,Kazuki FURUSAWA,05 JUL 2002,JPN,1,"University Stadium, Tsukuba (JPN)",20 AUG 2021,1135,pole-vault,jumps,male,u20
300,5.52,,Juho ALASAARI,29 SEP 2003,FIN,2,"IFU Arena, Uppsala (SWE) (i)",13 FEB 2022,1135,pole-vault,jumps,male,u20
300,5.52,,Juho ALASAARI,29 SEP 2003,FIN,1,"Harjun stadion, Jyväskylä (FIN)",26 JUL 2022,1135,pole-vault,jumps,male,u20
300,5.52,,Matvei VOLKOV,13 MAR 2004,BLR,1,"Salyut Geraklion Stadion, Moskva (RUS)",22 JUL 2023,1135,pole-vault,jumps,male,u20
316,5.51,,Rodion GATAULLIN,23 NOV 1965,URS,1,Minsk (BLR) (i),15 JAN 1984,1132,pole-vault,jumps,male,u20
316,5.51,,Paul BURGESS,14 AUG 1979,AUS,2,Perth (AUS),15 FEB 1997,1132,pole-vault,jumps,male,u20
316,5.51,,Matti MONONEN,25 NOV 1983,FIN,1,Eskilstuna (SWE),11 AUG 2002,1132,pole-vault,jumps,male,u20
316,5.51,,Artem KUPTSOV,22 APR 1984,RUS,1,Moskva (RUS) (i),12 FEB 2003,1132,pole-vault,jumps,male,u20
316,5.51,,Feiliang LIU,27 MAR 1985,CHN,1,Yichun (CHN),10 APR 2004,1132,pole-vault,jumps,male,u20
316,5.51,,Germán CHIARAVIGLIO,16 APR 1987,ARG,1,Porto Alegre (BRA),01 MAY 2004,1132,pole-vault,jumps,male,u20
316,5.51,,Konstantinos FILIPPIDIS,26 NOV 1986,GRE,10,"Stadio Olimpico, Roma (ITA)",08 JUL 2005,1132,pole-vault,jumps,male,u20
316,5.51,,Konstantinos FILIPPIDIS,26 NOV 1986,GRE,1,Katerini (GRE),25 SEP 2005,1132,pole-vault,jumps,male,u20
316,5.51,,Scott ROTH,25 JUN 1988,USA,2,"Seattle, WA (USA) (i)",27 JAN 2007,1132,pole-vault,jumps,male,u20
316,5.51,,Paweł WOJCIECHOWSKI,06 JUN 1989,POL,4,Zary (POL),01 JUN 2008,1132,pole-vault,jumps,male,u20
316,5.51,,Ivan HORVAT,17 AUG 1993,CRO,1,Split (CRO),11 SEP 2011,1132,pole-vault,jumps,male,u20
316,5.51,,Shawnacy BARBER,27 MAY 1994,CAN,1f2,"Blacksburg, VA (USA) (i)",09 FEB 2013,1132,pole-vault,jumps,male,u20
316,5.51,,Jacob BLANKENSHIP,15 MAR 1994,USA,1,"Birmingham, AL (USA) (i)",09 FEB 2013,1132,pole-vault,jumps,male,u20
316,5.51,,Adam HAGUE,29 AUG 1997,GBR,1,Sheffield (GBR) (i),17 JAN 2015,1132,pole-vault,jumps,male,u20
316,5.51,,Sean COLLINS,29 AUG 1997,USA,1,"Lafayette, LA (USA)",15 MAY 2016,1132,pole-vault,jumps,male,u20
316,5.51,,Armand DUPLANTIS,10 NOV 1999,SWE,1,Norrköping (SWE),13 JUL 2016,1132,pole-vault,jumps,male,u20
316,5.51,,Christopher NILSEN,13 JAN 1998,USA,1,"Brookings, SD (USA) (i)",21 JAN 2017,1132,pole-vault,jumps,male,u20
316,5.51,,Nikolaos NERANTZIS,13 MAR 1998,GRE,1,Istanbul (TUR) (i),12 FEB 2017,1132,pole-vault,jumps,male,u20
316,5.51,,Armand DUPLANTIS,10 NOV 1999,SWE,1,"Natchitoches, LA (USA)",27 APR 2017,1132,pole-vault,jumps,male,u20
316,5.51,,Christopher NILSEN,13 JAN 1998,USA,1,"Fargo, ND (USA)",13 MAY 2017,1132,pole-vault,jumps,male,u20
316,5.51,,Emmanouil KARALIS,20 OCT 1999,GRE,3,Praha (CZE),20 JUN 2017,1132,pole-vault,jumps,male,u20
316,5.51,,Joel Leon BENITEZ,31 AUG 1998,GBR,1,Cardiff (GBR),12 JUL 2017,1132,pole-vault,jumps,male,u20
316,5.51,,Cole RIDDLE,09 APR 1999,USA,2,"Chula Vista, CA (USA)",09 JUN 2018,1132,pole-vault,jumps,male,u20
316,5.51,,Bo Kanda LITA BAEHRE,29 APR 1999,GER,8q1,"Olympiastadion, Berlin (GER)",10 AUG 2018,1132,pole-vault,jumps,male,u20
316,5.51,,Sondre Mogens GUTTORMSEN,01 JUN 1999,NOR,1,Oslo (NOR),26 AUG 2018,1132,pole-vault,jumps,male,u20
316,5.51,,Baptiste THIERY,29 JUN 2001,FRA,1f1,"Sportanlage Zälgli, Frauenkappelen (SUI)",01 AUG 2020,1132,pole-vault,jumps,male,u20
316,5.51,,Kazuki FURUSAWA,05 JUL 2002,JPN,1,"Shikishima Park Prefectural Athletic Field, Maebashi (JPN)",08 AUG 2020,1132,pole-vault,jumps,male,u20
316,5.51,,Juho ALASAARI,29 SEP 2003,FIN,1,"Kuortanehalli, Kuortane (FIN) (i)",06 FEB 2022,1132,pole-vault,jumps,male,u20
316,5.51,,Anthony AMMIRATI,16 JUL 2003,FRA,7,"Stadio Comunale, Bellinzona (SUI)",12 SEP 2022,1132,pole-vault,jumps,male,u20
316,5.51,,Anthony AMMIRATI,16 JUL 2003,FRA,6,Toulouse (FRA),17 SEP 2022,1132,pole-vault,jumps,male,u20
316,5.51,,Simone BERTELLI,25 OCT 2004,ITA,1,"Palaindoor Ancona, Ancona (ITA) (i)",04 FEB 2023,1132,pole-vault,jumps,male,u20
316,5.51,,Seifeldin ABDELSALAM,28 MAR 2005,QAT,1,"Complexe Olympique Mohamed Boudiaf, Algiers (ALG)",05 JUL 2023,1132,pole-vault,jumps,male,u20
316,5.51,,Seifeldin ABDELSALAM,28 MAR 2005,QAT,1,Dubai (UAE),26 APR 2024,1132,pole-vault,jumps,male,u20
349,5.50,,Aleksandr KRUPSKIY,04 JAN 1960,URS,1,Irkutsk (URS),06 AUG 1979,1129,pole-vault,jumps,male,u20
349,5.50,,Pierre QUINON,20 FEB 1962,FRA,2,Haguenau (FRA),27 SEP 1981,1129,pole-vault,jumps,male,u20
349,5.50,,Dale JENKINS,27 FEB 1963,USA,2,"Abilene, TX (USA)",12 NOV 1981,1129,pole-vault,jumps,male,u20
349,5.50,,Sergey BUBKA,04 DEC 1963,URS,4,Donetsk (URS),19 MAY 1982,1129,pole-vault,jumps,male,u20
349,5.50,,Sergey BUBKA,04 DEC 1963,URS,1,Dnepropetrovsk (URS),04 OCT 1982,1129,pole-vault,jumps,male,u20
349,5.50,,Rodion GATAULLIN,23 NOV 1965,URS,1,Halle (GER),26 JUN 1983,1129,pole-vault,jumps,male,u20
349,5.50,,Doug FRALEY,07 MAR 1965,USA,1,"Fresno, CA (USA)",23 JUL 1983,1129,pole-vault,jumps,male,u20
349,5.50,,Gennadiy SUKHAREV,03 FEB 1965,URS,1,Minsk (BLR),20 AUG 1984,1129,pole-vault,jumps,male,u20
349,5.50,,Sergiy FOMENKO,07 JUN 1967,URS,1,Sochi (URS),26 APR 1986,1129,pole-vault,jumps,male,u20
349,5.50,,Jay DAVIS,29 JUL 1967,USA,2,"Eugene, OR (USA)",17 MAY 1986,1129,pole-vault,jumps,male,u20
349,5.50,,István BAGYULA,02 JAN 1969,HUN,1,Milano (ITA),19 JUN 1986,1129,pole-vault,jumps,male,u20
349,5.50,,Igor POTAPOVICH,06 SEP 1967,URS,1,"Olympic Stadium, Athina (GRE)",17 JUL 1986,1129,pole-vault,jumps,male,u20
349,5.50,,Roman BARABASHOV,13 SEP 1968,URS,1,Bucureşti (ROU),14 JUN 1987,1129,pole-vault,jumps,male,u20
349,5.50,,István BAGYULA,02 JAN 1969,HUN,1,Budapest (HUN),15 SEP 1987,1129,pole-vault,jumps,male,u20
349,5.50,,István BAGYULA,02 JAN 1969,HUN,2,Küssnacht (SUI),26 SEP 1987,1129,pole-vault,jumps,male,u20
349,5.50,,István BAGYULA,02 JAN 1969,HUN,1,Debrecen (HUN),14 MAY 1988,1129,pole-vault,jumps,male,u20
349,5.50,,Maxim TARASOV,02 DEC 1970,URS,1,Bryansk (URS),06 JUL 1988,1129,pole-vault,jumps,male,u20
349,5.50,,Maxim TARASOV,02 DEC 1970,URS,3,Moskva (URS),06 AUG 1988,1129,pole-vault,jumps,male,u20
349,5.50,,István BAGYULA,02 JAN 1969,HUN,2,Gateshead (GBR),14 AUG 1988,1129,pole-vault,jumps,male,u20
349,5.50,,István BAGYULA,02 JAN 1969,HUN,1,Budapest (HUN),26 AUG 1988,1129,pole-vault,jumps,male,u20
349,5.50,,István BAGYULA,02 JAN 1969,HUN,1,Budapest (HUN),09 SEP 1988,1129,pole-vault,jumps,male,u20
349,5.50,,Maxim TARASOV,02 DEC 1970,URS,9,Gomel (BLR) (i),04 FEB 1989,1129,pole-vault,jumps,male,u20
349,5.50,,Igor ZAYTSEV,12 JUL 1970,URS,1,Krasnodar (URS) (i),05 MAR 1989,1129,pole-vault,jumps,male,u20
349,5.50,,Jean GALFIONE,09 JUN 1971,FRA,1,Suresnes (FRA),10 AUG 1989,1129,pole-vault,jumps,male,u20
349,5.50,,Gérald BAUDOUIN,15 NOV 1972,FRA,1,"Kaftanzoglio Stadium, Thessaloniki (GRE)",11 AUG 1991,1129,pole-vault,jumps,male,u20
349,5.50,,Neil WINTER,21 MAR 1974,GBR,1,San Giuliano Terme (ITA),09 AUG 1992,1129,pole-vault,jumps,male,u20
349,5.50,,Dmitri MARKOV,14 MAR 1975,BLR,3,Moskva (RUS) (i),14 JAN 1994,1129,pole-vault,jumps,male,u20
349,5.50,,Dmitri MARKOV,14 MAR 1975,BLR,2,"Estadio Universitario, Lisboa (POR)",22 JUL 1994,1129,pole-vault,jumps,male,u20
349,5.50,,Timo MAKKONEN,28 JUN 1977,FIN,2,Lapua (FIN),22 JUL 1995,1129,pole-vault,jumps,male,u20
349,5.50,,Yevgeniy SMIRYAGIN,17 MAY 1976,RUS,1,"Városi Stadion, Nyíregyháza (HUN)",29 JUL 1995,1129,pole-vault,jumps,male,u20
349,5.50,,Andrea GIANNINI,18 DEC 1976,ITA,2,Cannes (FRA),24 SEP 1995,1129,pole-vault,jumps,male,u20
349,5.50,,Nicolas JOLIVET,24 MAR 1977,FRA,8,Paris (FRA),11 FEB 1996,1129,pole-vault,jumps,male,u20
349,5.50,,Daniel ECKER,21 JUL 1977,GER,4,Karlsruhe (GER) (i),24 FEB 1996,1129,pole-vault,jumps,male,u20
349,5.50,,Nicolas JOLIVET,24 MAR 1977,FRA,2,Bonneuil-sur-Marne (FRA),12 MAY 1996,1129,pole-vault,jumps,male,u20
349,5.50,,Paul BURGESS,14 AUG 1979,AUS,1,Perth (AUS),04 JAN 1997,1129,pole-vault,jumps,male,u20
349,5.50,,Russ BULLER,10 SEP 1978,USA,1,"Philadelphia, PA (USA)",24 APR 1997,1129,pole-vault,jumps,male,u20
349,5.50,,Russ BULLER,10 SEP 1978,USA,1,"Philadelphia, PA (USA)",26 APR 1997,1129,pole-vault,jumps,male,u20
349,5.50,,Lars BÖRGELING,16 APR 1979,GER,2,Dormagen (GER),10 JUN 1997,1129,pole-vault,jumps,male,u20
349,5.50,,Xu GANG,04 FEB 1979,CHN,1,Shanghai (CHN),19 OCT 1997,1129,pole-vault,jumps,male,u20
349,5.50,,Paul BURGESS,14 AUG 1979,AUS,1,Perth (AUS),24 JAN 1998,1129,pole-vault,jumps,male,u20
349,5.50,,Paul BURGESS,14 AUG 1979,AUS,1,Perth (AUS),07 MAR 1998,1129,pole-vault,jumps,male,u20
349,5.50,,Lars BÖRGELING,16 APR 1979,GER,1,Berlin (GER),27 JUN 1998,1129,pole-vault,jumps,male,u20
349,5.50,,Lars BÖRGELING,16 APR 1979,GER,2,"Parc des Sports, Annecy (FRA)",02 AUG 1998,1129,pole-vault,jumps,male,u20
349,5.50,,Paul BURGESS,14 AUG 1979,AUS,1,Darwin (AUS),03 SEP 1998,1129,pole-vault,jumps,male,u20
349,5.50,,Paul BURGESS,14 AUG 1979,AUS,2,Kuala Lumpur (MAS),20 SEP 1998,1129,pole-vault,jumps,male,u20
349,5.50,,Daichi SAWANO,16 SEP 1980,JPN,1,Tokyo (JPN),10 SEP 1999,1129,pole-vault,jumps,male,u20
349,5.50,,Eric ESHBACH,04 FEB 1981,USA,1,"Lincoln, NE (USA) (i)",29 JAN 2000,1129,pole-vault,jumps,male,u20
349,5.50,,Eric ESHBACH,04 FEB 1981,USA,5,"Fayetteville, AR (USA) (i)",11 MAR 2000,1129,pole-vault,jumps,male,u20
349,5.50,,Aleksey KHANAFIN,12 APR 1981,RUS,1,Cheboksary (RUS),01 JUL 2000,1129,pole-vault,jumps,male,u20
349,5.50,,Oleksandr KORCHMID,22 JAN 1982,UKR,2,Kyiv (UKR),06 AUG 2000,1129,pole-vault,jumps,male,u20
349,5.50,,Oleksandr KORCHMID,22 JAN 1982,UKR,2,Brovary (UKR) (i),10 FEB 2001,1129,pole-vault,jumps,male,u20
349,5.50,,Kevin RANS,19 AUG 1982,BEL,2,Nicosia (CYP),24 JUN 2001,1129,pole-vault,jumps,male,u20
349,5.50,,Kevin RANS,19 AUG 1982,BEL,2,"Stadio Zecchini, Grosseto (ITA)",22 JUL 2001,1129,pole-vault,jumps,male,u20
349,5.50,,Maksym MAZURYK,02 APR 1983,UKR,1,Belaya Tserkva (UKR),16 MAY 2002,1129,pole-vault,jumps,male,u20
349,5.50,,Vincent FAVRETTO,05 APR 1984,FRA,2,Tours (FRA),19 MAY 2002,1129,pole-vault,jumps,male,u20
349,5.50,,Maksym MAZURYK,02 APR 1983,UKR,2,Donetsk (UKR),12 JUN 2002,1129,pole-vault,jumps,male,u20
349,5.50,,Vasiliy PETROV,05 FEB 1983,RUS,1,Mannheim (GER),16 JUN 2002,1129,pole-vault,jumps,male,u20
349,5.50,,Stavros KOUROUPAKIS,17 MAY 1983,GRE,1,Kingston (JAM),12 JUL 2002,1129,pole-vault,jumps,male,u20
349,5.50,,Matti MONONEN,25 NOV 1983,FIN,1,Lappeenranta (FIN),17 AUG 2002,1129,pole-vault,jumps,male,u20
349,5.50,,Matti MONONEN,25 NOV 1983,FIN,3,Helsinki (FIN),23 AUG 2002,1129,pole-vault,jumps,male,u20
349,5.50,,Vincent FAVRETTO,05 APR 1984,FRA,1,Aubière (FRA) (i),19 DEC 2002,1129,pole-vault,jumps,male,u20
349,5.50,,Artem KUPTSOV,22 APR 1984,RUS,1,Yekaterinburg (RUS) (i),07 JAN 2003,1129,pole-vault,jumps,male,u20
349,5.50,,Vladyslav REVENKO,15 NOV 1984,UKR,1,Sumy (UKR) (i),22 FEB 2003,1129,pole-vault,jumps,male,u20
349,5.50,,Artem KUPTSOV,22 APR 1984,RUS,5,Moskva (RUS) (i),27 FEB 2003,1129,pole-vault,jumps,male,u20
349,5.50,,Vladyslav REVENKO,15 NOV 1984,UKR,4,Kyiv (UKR),27 MAY 2003,1129,pole-vault,jumps,male,u20
349,5.50,,Vincent FAVRETTO,05 APR 1984,FRA,6,Pierre-Bénite (FRA),13 JUN 2003,1129,pole-vault,jumps,male,u20
349,5.50,,Tommy SKIPPER,14 SEP 1984,USA,1,"Palo Alto, CA (USA)",21 JUN 2003,1129,pole-vault,jumps,male,u20
349,5.50,,Artem KUPTSOV,22 APR 1984,RUS,6,"Stadio Luigi Ridolfi, Firenze (ITA)",22 JUN 2003,1129,pole-vault,jumps,male,u20
349,5.50,,Vincent FAVRETTO,05 APR 1984,FRA,1,"Ratinan Stadion, Tampere (FIN)",27 JUL 2003,1129,pole-vault,jumps,male,u20
349,5.50,,Artem KUPTSOV,22 APR 1984,RUS,2,"Ratinan Stadion, Tampere (FIN)",27 JUL 2003,1129,pole-vault,jumps,male,u20
349,5.50,,Feiliang LIU,27 MAR 1985,CHN,1,Shijiazhuang (CHN),04 AUG 2003,1129,pole-vault,jumps,male,u20
349,5.50,,Konstantinos FILIPPIDIS,26 NOV 1986,GRE,3,Chania (GRE),28 JUN 2004,1129,pole-vault,jumps,male,u20
349,5.50,,Dmitriy STARODUBTSEV,03 JAN 1986,RUS,1,"Stadio Zecchini, Grosseto (ITA)",17 JUL 2004,1129,pole-vault,jumps,male,u20
349,5.50,,Feiliang LIU,27 MAR 1985,CHN,1,Hefei (CHN),25 SEP 2004,1129,pole-vault,jumps,male,u20
349,5.50,,Konstantinos FILIPPIDIS,26 NOV 1986,GRE,1,Peania (GRE) (i),16 FEB 2005,1129,pole-vault,jumps,male,u20
349,5.50,,Germán CHIARAVIGLIO,16 APR 1987,ARG,1,Cesenatico (ITA),11 JUN 2005,1129,pole-vault,jumps,male,u20
349,5.50,,Dmitriy STARODUBTSEV,03 JAN 1986,RUS,1,Tula (RUS),03 JUL 2005,1129,pole-vault,jumps,male,u20
349,5.50,,Dmitriy STARODUBTSEV,03 JAN 1986,RUS,4,Tula (RUS),11 JUL 2005,1129,pole-vault,jumps,male,u20
349,5.50,,Dmitriy STARODUBTSEV,03 JAN 1986,RUS,1,"S. Darius & S. Girėnas Stadium, Kaunas (LTU)",24 JUL 2005,1129,pole-vault,jumps,male,u20
349,5.50,,Dmitriy STARODUBTSEV,03 JAN 1986,RUS,7,Izmir (TUR),18 AUG 2005,1129,pole-vault,jumps,male,u20
349,5.50,,Yansheng YANG,05 JAN 1988,CHN,1,Zhengzhou (CHN),28 MAY 2006,1129,pole-vault,jumps,male,u20
349,5.50,,Leonid KIVALOV,01 APR 1988,RUS,1,Tula (RUS),22 JUL 2006,1129,pole-vault,jumps,male,u20
349,5.50,,Yansheng YANG,05 JAN 1988,CHN,3,Doha (QAT),10 DEC 2006,1129,pole-vault,jumps,male,u20
349,5.50,,Leonid KIVALOV,01 APR 1988,RUS,9,Donetsk (UKR) (i),10 FEB 2007,1129,pole-vault,jumps,male,u20
349,5.50,,Raphael HOLZDEPPE,28 SEP 1989,GER,1,Potsdam (GER),10 JUN 2007,1129,pole-vault,jumps,male,u20
349,5.50,,Łukasz MICHALSKI,02 AUG 1988,POL,1,Biala Podlaska (POL),28 JUN 2007,1129,pole-vault,jumps,male,u20
349,5.50,,Jan KUDLIČKA,29 APR 1988,CZE,2,Třinec (CZE),01 JUL 2007,1129,pole-vault,jumps,male,u20
349,5.50,,Yevgeniy AGEYEV,12 FEB 1988,RUS,2,"FBK Stadium, Hengelo (NED)",22 JUL 2007,1129,pole-vault,jumps,male,u20
349,5.50,,Leonid KIVALOV,01 APR 1988,RUS,11,Tula (RUS),01 AUG 2007,1129,pole-vault,jumps,male,u20
349,5.50,,Maston WALLACE,02 JUL 1989,USA,1,"Boulder, CO (USA)",18 MAY 2008,1129,pole-vault,jumps,male,u20
349,5.50,,Raphael HOLZDEPPE,28 SEP 1989,GER,5,Köln (GER),18 MAY 2008,1129,pole-vault,jumps,male,u20
349,5.50,,Raphael HOLZDEPPE,28 SEP 1989,GER,1,Saulheim (GER),30 MAY 2008,1129,pole-vault,jumps,male,u20
349,5.50,,Raphael HOLZDEPPE,28 SEP 1989,GER,1,Kassel (GER),06 JUN 2008,1129,pole-vault,jumps,male,u20
349,5.50,,Raphael HOLZDEPPE,28 SEP 1989,GER,1,"Zdzisław Krzyszkowiak Stadium, Bydgoszcz (POL)",12 JUL 2008,1129,pole-vault,jumps,male,u20
349,5.50,,Karsten DILLA,17 JUL 1989,GER,4,Leverkusen (GER),30 JUL 2008,1129,pole-vault,jumps,male,u20
349,5.50,,Raphael HOLZDEPPE,28 SEP 1989,GER,6,"Wattenscheid, Bochum (GER)",01 AUG 2008,1129,pole-vault,jumps,male,u20
349,5.50,,Blake LUCAS,12 MAY 1990,AUS,1,Gold Coast (AUS),26 JUN 2009,1129,pole-vault,jumps,male,u20
349,5.50,,Cheyne RAHME,23 JAN 1991,RSA,1,Germiston (RSA),10 APR 2010,1129,pole-vault,jumps,male,u20
349,5.50,,Anton IVAKIN,11 FEB 1991,RUS,1,"Croix-Bleue Medavie Stadium, Moncton (CAN)",22 JUL 2010,1129,pole-vault,jumps,male,u20
349,5.50,,Carlo PAECH,18 DEC 1992,GER,1,Hamburg (GER) (i),05 MAR 2011,1129,pole-vault,jumps,male,u20
349,5.50,,Daniel CLEMENS,28 APR 1992,GER,1,Mannheim (GER),03 JUL 2011,1129,pole-vault,jumps,male,u20
349,5.50,,Emile DENECKER,28 MAR 1992,FRA,1,"Kadrioru staadion, Tallinn (EST)",24 JUL 2011,1129,pole-vault,jumps,male,u20
349,5.50,,Kévin MÉNALDO,12 JUL 1992,FRA,2,"Kadrioru staadion, Tallinn (EST)",24 JUL 2011,1129,pole-vault,jumps,male,u20
349,5.50,,Andrew IRWIN,24 JAN 1993,USA,1,"Fayetteville, AR (USA) (i)",13 JAN 2012,1129,pole-vault,jumps,male,u20
349,5.50,,Wei ZHANG,22 MAR 1994,CHN,1,Zibo (CHN),26 MAY 2012,1129,pole-vault,jumps,male,u20
349,5.50,,Robert RENNER,08 MAR 1994,SLO,3,Innsbruck (AUT),01 JUN 2012,1129,pole-vault,jumps,male,u20
349,5.50,,Didac SALAS,19 MAY 1993,ESP,4,"Estadio Olímpico, Barcelona (ESP)",12 JUL 2012,1129,pole-vault,jumps,male,u20
349,5.50,,Wei ZHANG,22 MAR 1994,CHN,3,Kunshan (CHN),24 SEP 2012,1129,pole-vault,jumps,male,u20
349,5.50,,Ivan HORVAT,17 AUG 1993,CRO,1,Osijek (CRO) (i),22 DEC 2012,1129,pole-vault,jumps,male,u20
349,5.50,,Shawnacy BARBER,27 MAY 1994,CAN,1,"Akron, OH (USA) (i)",04 JAN 2013,1129,pole-vault,jumps,male,u20
349,5.50,,Jacob BLANKENSHIP,15 MAR 1994,USA,1,"New York, NY (USA) (i)",02 FEB 2013,1129,pole-vault,jumps,male,u20
349,5.50,,Melker SVÄRD JACOBSSON,08 JAN 1994,SWE,8q1,"Scandinavium, Göteborg (SWE) (i)",02 MAR 2013,1129,pole-vault,jumps,male,u20
349,5.50,,Robert RENNER,08 MAR 1994,SLO,8q2,"Scandinavium, Göteborg (SWE) (i)",02 MAR 2013,1129,pole-vault,jumps,male,u20
349,5.50,,Shawnacy BARBER,27 MAY 1994,CAN,5,"Fayetteville, AR (USA) (i)",08 MAR 2013,1129,pole-vault,jumps,male,u20
349,5.50,,Jacob BLANKENSHIP,15 MAR 1994,USA,1,"Knoxville, TN (USA)",13 APR 2013,1129,pole-vault,jumps,male,u20
349,5.50,,Shawnacy BARBER,27 MAY 1994,CAN,4,"Walnut, CA (USA)",20 APR 2013,1129,pole-vault,jumps,male,u20
349,5.50,,Jacob BLANKENSHIP,15 MAR 1994,USA,1,"Philadelphia, PA (USA)",27 APR 2013,1129,pole-vault,jumps,male,u20
349,5.50,,Melker SVÄRD JACOBSSON,08 JAN 1994,SWE,2,Rieti (ITA),05 JUL 2013,1129,pole-vault,jumps,male,u20
349,5.50,,Axel CHAPELLE,24 APR 1995,FRA,2,Bonneuil-sur-Marne (FRA),05 JUN 2014,1129,pole-vault,jumps,male,u20
349,5.50,,Daniyil KOTOV,02 JUN 1995,RUS,2,"Hayward Field, Eugene, OR (USA)",26 JUL 2014,1129,pole-vault,jumps,male,u20
349,5.50,,Oleg ZERNIKEL,16 APR 1995,GER,3,"Hayward Field, Eugene, OR (USA)",26 JUL 2014,1129,pole-vault,jumps,male,u20
349,5.50,,Devin KING,13 MAR 1996,USA,4,"Hayward Field, Eugene, OR (USA)",26 JUL 2014,1129,pole-vault,jumps,male,u20
349,5.50,,Bokai HUANG,26 SEP 1996,CHN,3,Düsseldorf (GER) (i),29 JAN 2015,1129,pole-vault,jumps,male,u20
349,5.50,,Bokai HUANG,26 SEP 1996,CHN,3f1,Jinan (CHN),29 APR 2015,1129,pole-vault,jumps,male,u20
349,5.50,,Bokai HUANG,26 SEP 1996,CHN,3,Wuhan (CHN),04 JUN 2015,1129,pole-vault,jumps,male,u20
349,5.50,,Audie WYATT,30 APR 1996,USA,4,"Eugene, OR (USA)",10 JUN 2015,1129,pole-vault,jumps,male,u20
349,5.50,,Audie WYATT,30 APR 1996,USA,1,"Eugene, OR (USA)",27 JUN 2015,1129,pole-vault,jumps,male,u20
349,5.50,,Bokai HUANG,26 SEP 1996,CHN,1,Bron (FRA),02 JUL 2015,1129,pole-vault,jumps,male,u20
349,5.50,,Adam HAGUE,29 AUG 1997,GBR,1,"Ekängens Friidrottsarena, Eskilstuna (SWE)",19 JUL 2015,1129,pole-vault,jumps,male,u20
349,5.50,,Timur MORGUNOV,12 OCT 1996,RUS,1,Chelyabinsk (RUS),24 JUL 2015,1129,pole-vault,jumps,male,u20
349,5.50,,Bokai HUANG,26 SEP 1996,CHN,1,Beijing (CHN),07 AUG 2015,1129,pole-vault,jumps,male,u20
349,5.50,,Bokai HUANG,26 SEP 1996,CHN,1,Lisboa (POR) (i),20 DEC 2015,1129,pole-vault,jumps,male,u20
349,5.50,,Kurtis MARSCHALL,25 APR 1997,AUS,1,Perth (AUS),10 MAR 2016,1129,pole-vault,jumps,male,u20
349,5.50,,Kurtis MARSCHALL,25 APR 1997,AUS,1,Perth (AUS),12 MAR 2016,1129,pole-vault,jumps,male,u20
349,5.50,,Christopher NILSEN,13 JAN 1998,USA,1,"Clovis, CA (USA)",24 JUN 2016,1129,pole-vault,jumps,male,u20
349,5.50,,Vladislav MALYKHIN,15 JAN 1998,UKR,1,Miedzyzdroje (POL),17 AUG 2016,1129,pole-vault,jumps,male,u20
349,5.50,,Adam HAGUE,29 AUG 1997,GBR,3f2,Paris (FRA),21 SEP 2016,1129,pole-vault,jumps,male,u20
349,5.50,,Masaki EJIMA,06 MAR 1999,JPN,1,"Pajulahti Sports Institute, Nastola (FIN) (i)",14 JAN 2017,1129,pole-vault,jumps,male,u20
349,5.50,,Emmanouil KARALIS,20 OCT 1999,GRE,3,Chemnitz (GER) (i),28 JAN 2017,1129,pole-vault,jumps,male,u20
349,5.50,,Bo Kanda LITA BAEHRE,29 APR 1999,GER,1,Sindelfingen (GER) (i),25 FEB 2017,1129,pole-vault,jumps,male,u20
349,5.50,,Vladislav MALYKHIN,15 JAN 1998,UKR,1,Minsk (BLR) (i),25 FEB 2017,1129,pole-vault,jumps,male,u20
349,5.50,,Emmanouil KARALIS,20 OCT 1999,GRE,11,"Kombank Arena, Beograd (SRB) (i)",03 MAR 2017,1129,pole-vault,jumps,male,u20
349,5.50,,Christopher NILSEN,13 JAN 1998,USA,1,"Vermillion, SD (USA)",24 APR 2017,1129,pole-vault,jumps,male,u20
349,5.50,,Bo Kanda LITA BAEHRE,29 APR 1999,GER,1,Soest (GER),20 MAY 2017,1129,pole-vault,jumps,male,u20
349,5.50,,Masaki EJIMA,06 MAR 1999,JPN,2,"Todoroki Stadium, Kawasaki (JPN)",21 MAY 2017,1129,pole-vault,jumps,male,u20
349,5.50,,Masaki EJIMA,06 MAR 1999,JPN,2,Yokohama (JPN),27 MAY 2017,1129,pole-vault,jumps,male,u20
349,5.50,,Bo Kanda LITA BAEHRE,29 APR 1999,GER,4,Rehlingen (GER),05 JUN 2017,1129,pole-vault,jumps,male,u20
349,5.50,,Masaki EJIMA,06 MAR 1999,JPN,1,Hiratsuka (JPN),10 JUN 2017,1129,pole-vault,jumps,male,u20
349,5.50,,Masaki EJIMA,06 MAR 1999,JPN,2,Osaka (JPN),23 JUN 2017,1129,pole-vault,jumps,male,u20
349,5.50,,Armand DUPLANTIS,10 NOV 1999,SWE,9,"Olympic Stadium, London (GBR)",08 AUG 2017,1129,pole-vault,jumps,male,u20
349,5.50,,Joel Leon BENITEZ,31 AUG 1998,GBR,1,Manchester (GBR),16 AUG 2017,1129,pole-vault,jumps,male,u20
349,5.50,,Masaki EJIMA,06 MAR 1999,JPN,2,Fukui (JPN),08 SEP 2017,1129,pole-vault,jumps,male,u20
349,5.50,,Bo Kanda LITA BAEHRE,29 APR 1999,GER,1,Leverkusen (GER) (i),07 JAN 2018,1129,pole-vault,jumps,male,u20
349,5.50,,Emmanouil KARALIS,20 OCT 1999,GRE,1,Athina (GRE) (i),13 JAN 2018,1129,pole-vault,jumps,male,u20
349,5.50,,Bo Kanda LITA BAEHRE,29 APR 1999,GER,1,Halle (GER) (i),24 FEB 2018,1129,pole-vault,jumps,male,u20
349,5.50,,Bo Kanda LITA BAEHRE,29 APR 1999,GER,1,Nantes (FRA) (i),03 MAR 2018,1129,pole-vault,jumps,male,u20
349,5.50,,Zachery BRADFORD,29 NOV 1999,USA,1,"New York, NY (USA) (i)",10 MAR 2018,1129,pole-vault,jumps,male,u20
349,5.50,,Masaki EJIMA,06 MAR 1999,JPN,3,"Yanmar Stadium Nagai, Osaka (JPN)",20 MAY 2018,1129,pole-vault,jumps,male,u20
349,5.50,,Bo Kanda LITA BAEHRE,29 APR 1999,GER,1,Bremen (GER),26 MAY 2018,1129,pole-vault,jumps,male,u20
349,5.50,,Masaki EJIMA,06 MAR 1999,JPN,2,Sagamihara (JPN),26 MAY 2018,1129,pole-vault,jumps,male,u20
349,5.50,,Cole RIDDLE,09 APR 1999,USA,2,"Bloomington, IN (USA)",15 JUN 2018,1129,pole-vault,jumps,male,u20
349,5.50,,Bo Kanda LITA BAEHRE,29 APR 1999,GER,4,"Ratinan Stadion, Tampere (FIN)",14 JUL 2018,1129,pole-vault,jumps,male,u20
349,5.50,,Bo Kanda LITA BAEHRE,29 APR 1999,GER,1,Nürnberg (GER),21 JUL 2018,1129,pole-vault,jumps,male,u20
349,5.50,,Masaki EJIMA,06 MAR 1999,JPN,3,Hiratsuka (JPN),21 JUL 2018,1129,pole-vault,jumps,male,u20
349,5.50,,Sondre Mogens GUTTORMSEN,01 JUN 1999,NOR,1,Byrkjelo (NOR),19 AUG 2018,1129,pole-vault,jumps,male,u20
349,5.50,,Sondre Mogens GUTTORMSEN,01 JUN 1999,NOR,2,Bergen (NOR),22 AUG 2018,1129,pole-vault,jumps,male,u20
349,5.50,,Sondre Mogens GUTTORMSEN,01 JUN 1999,NOR,3,Schaan (LIE),08 SEP 2018,1129,pole-vault,jumps,male,u20
349,5.50,,Sondre Mogens GUTTORMSEN,01 JUN 1999,NOR,1,"Rud, Bærum (NOR) (i)",27 DEC 2018,1129,pole-vault,jumps,male,u20
349,5.50,,Pål Haugen LILLEFOSSE,04 JUN 2001,NOR,1f1,Sätra (SWE) (i),26 JAN 2019,1129,pole-vault,jumps,male,u20
349,5.50,,Branson ELLIS,19 JUL 2000,USA,1,"Birmingham, AL (USA) (i)",24 FEB 2019,1129,pole-vault,jumps,male,u20
349,5.50,,Branson ELLIS,19 JUL 2000,USA,11,"Austin, TX (USA)",05 JUN 2019,1129,pole-vault,jumps,male,u20
349,5.50,,Pål Haugen LILLEFOSSE,04 JUN 2001,NOR,4,Göteborg (SWE),16 AUG 2019,1129,pole-vault,jumps,male,u20
349,5.50,,Keaton DANIEL,08 APR 2001,USA,1f1,"Reno Livestock Events Center, Reno, NV (USA) (i)",18 JAN 2020,1129,pole-vault,jumps,male,u20
349,5.50,,Matvei VOLKOV,13 MAR 2004,RUS,3f1,"Luzhniki Arena, Moskva (RUS) (i)",29 FEB 2020,1129,pole-vault,jumps,male,u20
349,5.50,,Mikhail SHMYKOV,15 FEB 2001,RUS,4f1,"Luzhniki Arena, Moskva (RUS) (i)",29 FEB 2020,1129,pole-vault,jumps,male,u20
349,5.50,,Baptiste THIERY,29 JUN 2001,FRA,5,"Stadium Municipal, Albi (FRA)",12 SEP 2020,1129,pole-vault,jumps,male,u20
349,5.50,,Pål Haugen LILLEFOSSE,04 JUN 2001,NOR,2,"Fana Stadion, Bergen (NOR)",19 SEP 2020,1129,pole-vault,jumps,male,u20
349,5.50,,Baptiste THIERY,29 JUN 2001,FRA,1ce,"Stade De Lattre De Tassigny, Aubagne (FRA)",19 SEP 2020,1129,pole-vault,jumps,male,u20
349,5.50,,Anthony AMMIRATI,16 JUL 2003,FRA,1,"Parc des Sports C. Ehrmann, Nice (FRA)",24 APR 2021,1129,pole-vault,jumps,male,u20
349,5.50,,Matvei VOLKOV,13 MAR 2004,BLR,5,"Bungertstadion, Rehlingen (GER)",23 MAY 2021,1129,pole-vault,jumps,male,u20
349,5.50,,Maddox HAMM,21 MAY 2005,USA,1,"Virginia Beach Sports Center, Virginia Beach, VA (USA) (i)",19 MAR 2022,1129,pole-vault,jumps,male,u20
349,5.50,,Juho ALASAARI,29 SEP 2003,FIN,3,"Raatin Stadion, Oulu (FIN)",26 JUN 2022,1129,pole-vault,jumps,male,u20
349,5.50,,Juho ALASAARI,29 SEP 2003,FIN,1,"Someron urheilukenttä, Somero (FIN)",30 JUN 2022,1129,pole-vault,jumps,male,u20
349,5.50,,Juho ALASAARI,29 SEP 2003,FIN,1f1,"Toijalan urheilukenttä, Akaa (FIN)",10 JUL 2022,1129,pole-vault,jumps,male,u20
349,5.50,,Valentin IMSAND,06 JAN 2005,SUI,1f2,"Halle End der Welt, Magglingen (SUI) (i)",04 FEB 2023,1129,pole-vault,jumps,male,u20
349,5.50,,Hendrik MÜLLER,02 MAR 2005,GER,1f2,"Westpfalzstadion, Zweibrücken (GER)",03 JUN 2023,1129,pole-vault,jumps,male,u20
349,5.50,,Seifeldin ABDELSALAM,28 MAR 2005,QAT,1,Yecheon (KOR),04 JUN 2023,1129,pole-vault,jumps,male,u20
349,5.50,,Valentin IMSAND,06 JAN 2005,SUI,1,"Stade Olympique de la Pontaise, Lausanne (SUI)",04 MAY 2024,1129,pole-vault,jumps,male,u20
349,5.50,,Hendrik MÜLLER,02 MAR 2005,GER,1,"Stadion Oberwerth, Koblenz (GER)",27 JUL 2024,1129,pole-vault,jumps,male,u20
